"username","domain","sourceip","PSComputerName","RunspaceId","PSShowComputerName"
"catherine.hill","WAYNE","192.168.0.51","WS10","5bc8980f-590d-4847-a176-64a88ea2b51e","True"
"catherine.hill","WAYNE","192.168.0.51","WS10","5bc8980f-590d-4847-a176-64a88ea2b51e","True"
"catherine.hill","wayne","192.168.0.51","WS10","5bc8980f-590d-4847-a176-64a88ea2b51e","True"
"administrator","ws10","192.168.0.51","WS10","5bc8980f-590d-4847-a176-64a88ea2b51e","True"
"administrator","ws10","192.168.0.51","WS10","5bc8980f-590d-4847-a176-64a88ea2b51e","True"
"administrator","ws10","192.168.0.51","WS10","5bc8980f-590d-4847-a176-64a88ea2b51e","True"
"administrator","ws10","192.168.0.51","WS10","5bc8980f-590d-4847-a176-64a88ea2b51e","True"
"administrator","ws10","192.168.0.51","WS10","5bc8980f-590d-4847-a176-64a88ea2b51e","True"
"administrator","ws10","192.168.0.51","WS10","5bc8980f-590d-4847-a176-64a88ea2b51e","True"
"hunter_01","WAYNE","192.168.0.51","WS10","5bc8980f-590d-4847-a176-64a88ea2b51e","True"
"hunter_01","WAYNE","192.168.0.51","WS10","5bc8980f-590d-4847-a176-64a88ea2b51e","True"
"hunter_01","WAYNE","192.168.0.51","WS10","5bc8980f-590d-4847-a176-64a88ea2b51e","True"
